{"name":"942c466a-ebb4-4285-9033-6183120dc0dd","id":"/providers/Microsoft.Flow/flows/942c466a-ebb4-4285-9033-6183120dc0dd","type":"Microsoft.Flow/flows","properties":{"apiId":"/providers/Microsoft.PowerApps/apis/shared_logicflows","displayName":"Extract WO description from Planner","definition":{"metadata":{"workflowEntityId":null,"processAdvisorMetadata":null,"flowclientsuspensionreason":"None","flowclientsuspensiontime":null,"flowclientsuspensionreasondetails":null,"creator":{"id":"bf2179e7-450a-4918-8514-c19640801f30","type":"User","tenantId":"af8e89a3-d9ac-422f-ad06-cc4eb4214314"},"provisioningMethod":"FromDefinition","failureAlertSubscription":true,"clientLastModifiedTime":"2022-09-21T21:00:44.008702Z"},"$schema":"https://schema.management.azure.com/providers/Microsoft.Logic/schemas/2016-06-01/workflowdefinition.json#","contentVersion":"1.0.0.0","parameters":{"$connections":{"defaultValue":{},"type":"Object"},"$authentication":{"defaultValue":{},"type":"SecureObject"}},"triggers":{"When_a_new_email_arrives_(V3)":{"splitOn":"@triggerOutputs()?['body/value']","metadata":{"operationMetadataId":"ae6d5aa4-7883-400d-86cc-d8ed889762a7"},"type":"OpenApiConnectionNotification","inputs":{"host":{"apiId":"/providers/Microsoft.PowerApps/apis/shared_office365","connectionName":"shared_office365","operationId":"OnNewEmailV3"},"parameters":{"folderPath":"Inbox","includeAttachments":false,"subjectFilter":"Start Planner Extraction","importance":"Any","fetchOnlyWithAttachment":false},"authentication":"@parameters('$authentication')"}}},"actions":{"List_plans_for_a_group":{"runAfter":{"Initialize_variable_3":["Succeeded"]},"metadata":{"operationMetadataId":"194a9d9b-c2d7-48da-80e3-039c5325eba8"},"type":"OpenApiConnection","inputs":{"host":{"apiId":"/providers/Microsoft.PowerApps/apis/shared_planner","connectionName":"shared_planner","operationId":"ListGroupPlans"},"parameters":{"groupId":"48d82275-60a6-4145-a9b1-e7a2c09b1a56"},"authentication":"@parameters('$authentication')"}},"Initialize_variable":{"runAfter":{},"metadata":{"operationMetadataId":"d4c380e3-f98f-4bd5-9adc-580ff7244cd6"},"type":"InitializeVariable","inputs":{"variables":[{"name":"Date","type":"string","value":"@{formatDateTime(utcNow(),'ddMMMyy')}"}]}},"Filter_array":{"runAfter":{"List_plans_for_a_group":["Succeeded"]},"metadata":{"operationMetadataId":"ab529f77-4d76-4032-a37a-ef79dc7351e8"},"type":"Query","inputs":{"from":"@outputs('List_plans_for_a_group')?['body/value']","where":"@contains(item()?['title'], variables('Date'))"}},"Apply_to_each":{"foreach":"@body('Filter_array')","actions":{"List_tasks":{"runAfter":{},"metadata":{"operationMetadataId":"58076fef-4ad1-407d-b3ae-a2baf6b44df3"},"type":"OpenApiConnection","inputs":{"host":{"apiId":"/providers/Microsoft.PowerApps/apis/shared_planner","connectionName":"shared_planner","operationId":"ListTasks_V3"},"parameters":{"groupId":"48d82275-60a6-4145-a9b1-e7a2c09b1a56","id":"@items('Apply_to_each')?['id']"},"authentication":"@parameters('$authentication')"}},"Filter_array_2":{"runAfter":{"List_tasks":["Succeeded"]},"metadata":{"operationMetadataId":"23ff813b-c109-4f9c-b4b9-69108f407b7b"},"type":"Query","inputs":{"from":"@outputs('List_tasks')?['body/value']","where":"@contains(item()?['title'], 'Weigh-Outs')"}},"Apply_to_each_2":{"foreach":"@body('Filter_array_2')","actions":{"Get_task_details":{"runAfter":{},"metadata":{"operationMetadataId":"703d24ea-cd57-4612-89cf-5a8caeb620e0"},"type":"OpenApiConnection","inputs":{"host":{"apiId":"/providers/Microsoft.PowerApps/apis/shared_planner","connectionName":"shared_planner","operationId":"GetTaskDetails_V2"},"parameters":{"id":"@items('Apply_to_each_2')?['id']"},"authentication":"@parameters('$authentication')"}},"Append_to_array_variable":{"runAfter":{"Get_task_details":["Succeeded"]},"metadata":{"operationMetadataId":"6231123f-076e-4bed-8ccc-0880f5cdb56f"},"type":"AppendToArrayVariable","inputs":{"name":"Prep Array","value":"@outputs('Get_task_details')?['body/description']"}}},"runAfter":{"Filter_array_2":["Succeeded"]},"metadata":{"operationMetadataId":"521d0ff1-28ae-4000-9cb6-5f0f1c4e893e"},"type":"Foreach"}},"runAfter":{"Filter_array":["Succeeded"]},"metadata":{"operationMetadataId":"ad191b85-4c6b-41e4-93a6-b67d2f7581ed"},"type":"Foreach"},"Initialize_variable_2":{"runAfter":{"Initialize_variable":["Succeeded"]},"metadata":{"operationMetadataId":"3d50f4d2-6189-4df0-a770-d40fd81bd5ac"},"type":"InitializeVariable","inputs":{"variables":[{"name":"DATE2","type":"string","value":"Jun22"}]}},"Send_an_email_(V2)":{"runAfter":{"Compose":["Succeeded"]},"metadata":{"operationMetadataId":"f3aa3ffe-b370-4202-8916-7dfe106ba68d"},"type":"OpenApiConnection","inputs":{"host":{"apiId":"/providers/Microsoft.PowerApps/apis/shared_office365","connectionName":"shared_office365","operationId":"SendEmailV2"},"parameters":{"emailMessage/To":"@triggerOutputs()?['body/from']","emailMessage/Subject":"Planner Extracted","emailMessage/Body":"<p>@{outputs('Compose')}</p>","emailMessage/Importance":"Normal"},"authentication":"@parameters('$authentication')"}},"Initialize_variable_3":{"runAfter":{"Initialize_variable_2":["Succeeded"]},"metadata":{"operationMetadataId":"1fe9f9dc-3b3b-47df-98c3-929c90e0ca2d"},"type":"InitializeVariable","inputs":{"variables":[{"name":"Prep Array","type":"array"}]}},"Compose":{"runAfter":{"Apply_to_each":["Succeeded"]},"metadata":{"operationMetadataId":"a8b30558-ebbf-4970-b19b-28e3da6b0bf5"},"type":"Compose","inputs":"@variables('Prep Array')"}}},"connectionReferences":{"shared_planner":{"connectionName":"shared-planner-04e705a7-b320-4276-b41e-64771fe41fb7","source":"Embedded","id":"/providers/Microsoft.PowerApps/apis/shared_planner","tier":"NotSpecified"},"shared_office365":{"connectionName":"shared-office365-98b2254b-4708-4124-b44d-3fa74f7399e4","source":"Embedded","id":"/providers/Microsoft.PowerApps/apis/shared_office365","tier":"NotSpecified"}},"flowFailureAlertSubscribed":false,"isManaged":false}}